resampling,error_rate_mean,error_rate_std,f1_mean,f1_std,gmean_mean,gmean_std
none,0.012340391672657658,0.0017809299285120594,0.6723744860559137,0.05735215108164839,0.739402749314464,0.047100690771114784
