resampling,roc_auc_mean,roc_auc_std,f1_mean,f1_std,precision_mean,precision_std,recall_mean,recall_std
none,0.9462340102249449,0.018285957663198574,0.6723744860559137,0.05735215108164839,0.8751087223587224,0.05368978118729538,0.55,0.06944411571256842
